,rmse,mean,median,std,min,max,sse
monocular_gt.txt,0.2825465365279415,0.1738639341138899,0.13470921565826136,0.22271928007780623,0.02779317568618675,2.202374483790509,8.142919621001408
