Metric,Value
max,2.230868
mean,0.170012
median,0.131578
min,0.017099
rmse,0.282029
sse,8.113094
std,0.225025
